stockNo,name,category,vp,mrp,retail,price25,price35,price42,price50,cost50,priceSource,notes
1247,Formula 1 - Nutritional Shake Mix - Vanilla - 500 gms,Weight Management,21.75,2179,2075,1713,1526,1396,1246,1246,grouped-F1-500g,
1248,Formula 1 - Nutritional Shake Mix - Chocolate - 500 gms,Weight Management,21.75,2179,2075,1713,1526,1396,1246,1246,grouped-F1-500g,
1249,Formula 1 - Nutritional Shake Mix - Mango - 500 gms,Weight Management,21.75,2179,2075,1713,1526,1396,1246,1246,grouped-F1-500g,
1269,Formula 1 - Nutritional Shake Mix - Orange Cream - 500 gms,Weight Management,21.75,2179,2075,1713,1526,1396,1246,1246,grouped-F1-500g,
1239,Formula 1 - Nutritional Shake Mix - Strawberry - 500 gms,Weight Management,21.75,2179,2075,1713,1526,1396,1246,1246,own (price line printed here),
4114,Formula 1 - Nutritional Shake Mix - Kulfi - 500 gms,Weight Management,21.75,2179,2075,1713,1526,1396,1246,1246,grouped-F1-500g,
082K,Formula 1 - Nutritional Shake Mix - Banana Caramel - 500 gms,Weight Management,21.75,2179,2075,1713,1526,1396,1246,1246,grouped-F1-500g,
154K,Formula 1 - Nutritional Shake Mix - Rose Kheer - 500 gms,Weight Management,21.75,2179,2075,1713,1526,1396,1246,1246,grouped-F1-500g,
287K,Formula 1 Nutritional Shake Mix - Paan - 500 gms,Weight Management,21.75,2179,2075,1713,1526,1396,1246,1246,grouped-F1-500g,
529K,Formula 1 Nutritional Shake Mix - Dates Caramel - 500 gms,Weight Management,21.75,2179,2075,1713,1526,1396,1246,1246,grouped-F1-500g,
406K,Formula 1 Mango - 750 Gms,Weight Management,32.65,3227,3073,2537,2261,2068,1847,1847,grouped-F1-750g,
407K,Formula 1 Vanilla - 750 Gms,Weight Management,32.65,3227,3073,2537,2261,2068,1847,1847,own (price line printed here),
408K,Formula 1 Rose Kheer - 750 Gms,Weight Management,32.65,3227,3073,2537,2261,2068,1847,1847,grouped-F1-750g,
409K,Formula 1 Kulfi - 750 Gms,Weight Management,32.65,3227,3073,2537,2261,2068,1847,1847,grouped-F1-750g,
1233,Personalized Protein Powder - 200 gms,Weight Management,11.5,1295,1233,1018,907,830,741,741,own,
1569,Personalized Protein Powder - 400 gms,Weight Management,22.5,2485,2366,1953,1741,1592,1422,1422,own,
183K,ShakeMate - 500 Gms,Weight Management,6.45,653,621,572,540,517,491,491,own,
0064,Ocular Defense,Eye Health,19.25,1927,1835,1515,1350,1234,1103,1103,own,
175K,Male Factor +,Men's Health,34.75,3410,3247,2681,2389,2185,1952,1952,own,
127K,Woman's Choice,Women's Health,12.45,1245,1185,978,872,798,712,712,own,
109K,vritilife Brain Health - 60 tablets,Brain Health,15.1,1464,1394,1151,1026,938,838,838,own,
275K,vritilife Facial Cleanser (100 ml),Skin & Body Care,10.4,1165,987,916,816,746,667,667,own,
315K,vritilife Facial Toner (100 ml),Skin & Body Care,11.8,1322,1120,1039,926,847,756,756,own,
276K,vritilife Facial Serum (30 ml),Skin & Body Care,27.05,3022,2561,2376,2118,1937,1730,1730,own,
277K,vritilife Moisturizer (100 ml),Skin & Body Care,13.15,1473,1248,1158,1032,944,843,843,own,
046K,HN-Skin Booster - Orange - 10gms x 30 Sachets,Skin & Body Care,38.65,3910,3723,3188,2899,2697,2466,2466,own,
316K,HN - Skin Booster Canister,Skin & Body Care,38.65,3910,3723,3161,2862,2653,2413,2413,own,
115K,vritilife Immune Health - 60 tablets,Immune Health,15.8,1528,1455,1201,1070,979,874,874,own,
1291,Afresh Energy Drink Mix - Ginger - 50 gms,Energy,7.8,812,773,638,568,520,464,464,grouped-Afresh-50g,
1294,Afresh Energy Drink Mix - Elaichi - 50 gms,Energy,7.8,812,773,638,568,520,464,464,grouped-Afresh-50g,
1295,Afresh Energy Drink Mix - Lemon - 50 gms,Energy,7.8,812,773,638,568,520,464,464,own (price line printed here),
1296,Afresh Energy Drink Mix - Peach - 50 gms,Energy,7.8,812,773,638,568,520,464,464,grouped-Afresh-50g,
1238,Afresh Energy Drink Mix - Cinnamon - 50 gms,Energy,7.8,812,773,638,568,520,464,464,grouped-Afresh-50g,
230K,Afresh Energy Drink Mix - Kashmiri Kahwa - 40 gms,Energy,7.8,812,773,638,568,520,464,464,grouped-Afresh-50g,
080K,Afresh Energy Drink Mix - Tulsi (Basil) - 50 gms,Energy,7.8,812,773,646,580,534,481,481,own,
507K,Liftoff Watermelon (30 Sachets),Energy,38.05,4119,3922,3238,2886,2639,2357,2357,own,
505K,Liftoff Watermelon (10 Sachets),Energy,12.95,1401,1334,1101,982,898,802,802,own,
1458,H24 Hydrate - 5 gms x20 Sachets,Sports Nutrition,14.05,1636,1558,1338,1219,1136,1041,1041,own,
031K,H24 Rebuild Strength - 50 gms x10 Sachets,Sports Nutrition,24.7,2616,2491,2081,1868,1718,1547,1547,own,
1279,DinoShake - Chocolicious - 200 gms,Children's Health,9.6,1115,1061,876,780,714,637,637,own,
1236,DinoShake - Strawberry - 200 gms,Children's Health,9.6,1115,1061,876,780,714,637,637,own,
1278,Activated Fiber - 90 tablets,Digestive Health,15.75,1636,1558,1286,1146,1048,936,936,own,
2865,Active Fiber Complex - Unflavoured - 200 gms,Digestive Health,22.95,2559,2437,2012,1793,1640,1465,1465,own,
1293,Aloe Plus - 60 capsules,Digestive Health,9.4,1059,1008,832,741,678,605,605,own,
0006,Herbal Aloe Concentrate - Unflavored (Original) - 500 ml,Digestive Health,24.95,2696,2567,2119,1889,1727,1543,1543,own,
025K,Simply Probiotic - 1gms x 30 Sachets,Digestive Health,21.95,2209,2103,1736,1547,1415,1264,1264,own,
186K,Vritilife Triphala,Digestive Health,11.25,1089,1037,856,763,698,623,623,own,
0020,Herbalife Calcium Tablets - 60 tablets,Bone & Joint Health,10.25,1203,1145,945,842,771,688,688,own,
0555,Joint Support - 90 tablets,Bone & Joint Health,20.9,2455,2338,1930,1720,1573,1405,1405,own,
2637,Herbalife Niteworks - 300 gms,Cardiovascular Health,75.0,7128,6788,5604,4994,4568,4080,4080,own,
0065,Herbalifeline - 60 softgels,Cardiovascular Health,25.75,2667,2540,2097,1869,1709,1527,1527,own,
051K,Beta Heart - Vanilla Flavour - 15 gms x 15 Sachets,Cardiovascular Health,19.55,2242,2135,1828,1663,1547,1414,1414,own,
1232,Multivitamin Mineral & Herbal - 90 tablets,Enhancers,19.95,2004,1908,1575,1404,1284,1147,1147,own,
3123,Cell Activator - New - 60 Tablets,Enhancers,21.95,2215,2109,1741,1551,1419,1267,1267,own,
0111,Cell-U-Loss Advanced - 90 Tablets,Enhancers,15.75,1705,1623,1340,1194,1092,975,975,own,
0077,Herbal Control - 90 Tablets,Enhancers,32.95,3433,3269,2699,2405,2199,1965,1965,own,
426K,Sleep Enhance,Sleep Support,16.3,1697,1616,1334,1189,1087,971,971,own,
